level,energy_GHz,transition_from_ground_GHz
0,7.30623261177469,0.0
1,7.3236907629327295,0.017458151158039392
2,10.79377486202498,3.48754225025029
3,11.04065406131475,3.7344214495400605
4,11.430788245648118,4.124555633873428
5,11.642956154670635,4.336723542895945
6,13.372247487945952,6.066014876171262
7,13.877611636324028,6.571379024549338
8,13.942140615211908,6.635908003437218
9,14.463805323110964,7.157572711336274
10,14.603350961476428,7.297118349701738
11,15.063483131444793,7.7572505196701025
