case,transition,transition_error_MHz,minimum_state_overlap
energy_k160,1,0.07561013648782478,0.9869461786214309
energy_k160,2,-0.3728251588750453,0.9869461786214309
energy_k160,3,0.2769040397314626,0.9869461786214309
energy_k160,4,3.9431860869907354,0.9869461786214309
energy_k160,5,6.209887028186145,0.9869461786214309
energy_k160,6,8.94129888046713,0.9869461786214309
energy_k160,7,172.4282766330969,0.9869461786214309
energy_k160,8,163.77162505349042,0.9869461786214309
energy_k160,9,24.63225010158787,0.9869461786214309
energy_k160,10,22.22844730791529,0.9869461786214309
energy_k170,1,0.03452137674031519,0.9858938599247159
energy_k170,2,-4.405194789523392,0.9858938599247159
energy_k170,3,-3.678824082200549,0.9858938599247159
energy_k170,4,3.194053506845762,0.9858938599247159
energy_k170,5,5.4386889360422686,0.9858938599247159
energy_k170,6,1.1299093842005448,0.9858938599247159
energy_k170,7,167.5699064796774,0.9858938599247159
energy_k170,8,156.9467337745003,0.9858938599247159
energy_k170,9,19.957029538144155,0.9858938599247159
energy_k170,10,0.08455132921980635,0.9858938599247159
energy_k180,1,0.0,0.9999999999999993
energy_k180,2,0.0,0.9999999999999993
energy_k180,3,0.0,0.9999999999999993
energy_k180,4,0.0,0.9999999999999993
energy_k180,5,0.0,0.9999999999999993
energy_k180,6,0.0,0.9999999999999993
energy_k180,7,0.0,0.9999999999999993
energy_k180,8,0.0,0.9999999999999993
energy_k180,9,0.0,0.9999999999999993
energy_k180,10,0.0,0.9999999999999993
inherited_symmetric_shell_k170,1,0.27948204500383156,0.9949128152950348
inherited_symmetric_shell_k170,2,1.5197501809698366,0.9949128152950348
inherited_symmetric_shell_k170,3,2.0980723691419456,0.9949128152950348
inherited_symmetric_shell_k170,4,0.8432221439402809,0.9949128152950348
inherited_symmetric_shell_k170,5,3.034436605529933,0.9949128152950348
inherited_symmetric_shell_k170,6,8.996636205667485,0.9949128152950348
inherited_symmetric_shell_k170,7,109.89351450262852,0.9949128152950348
inherited_symmetric_shell_k170,8,94.85541136760922,0.9949128152950348
inherited_symmetric_shell_k170,9,11.904724766056418,0.9949128152950348
inherited_symmetric_shell_k170,10,20.266840873270908,0.9949128152950348
