level,0,1,2,3,4,5,6,7,8,9,10,11
0,7.581442363204166e-12,0.49828009083092634,1.295011312301143e-12,0.18787637828305537,2.865463734462064e-13,0.07085828168172992,1.5206870166556229e-12,1.87262125254486,5.805101560634969e-12,3.1532866981517185e-12,0.35443783551555746,0.3488840708454719
1,0.49828009083092634,7.770088745736557e-12,0.18760653123300086,1.518395109142143e-12,0.01914014418135612,3.9312739157376003e-13,0.18323826197319804,5.47632042469533e-12,1.869109401199255,0.44613226205903905,2.6065964378055433e-12,2.9795906176536294e-12
2,1.295011312301143e-12,0.18760653123300086,1.2439776889606153e-13,0.3430980328463114,3.04937662483517e-13,0.1468588343343749,3.266215282029399e-13,0.8717172614246299,4.943750788782067e-12,1.2249933073922021e-13,0.02233420011577967,0.06482510016849828
3,0.18787637828305537,1.518395109142143e-12,0.3430980328463114,1.8563714059124215e-13,0.1521774424325559,7.849471499777803e-14,0.3638748841880475,3.655413670693304e-12,0.7274905070991888,0.1809552390946929,4.568121817190931e-13,2.359288918565074e-13
4,2.865463734462064e-13,0.01914014418135612,3.04937662483517e-13,0.1521774424325559,4.0418459191850633e-13,0.48934761488536077,1.3884566224307036e-13,0.18978753794946662,8.752492172719969e-13,8.322479212875633e-14,0.02823660288569525,0.1315843408907289
5,0.07085828168172992,3.9312739157376003e-13,0.1468588343343749,7.849471499777803e-14,0.48934761488536077,2.3249429242184597e-13,0.025122603098060702,1.1587728636424913e-12,0.1986487773640659,0.19251728702157636,1.1674873913527716e-13,2.303334428583224e-13
6,1.5206870166556229e-12,0.18323826197319804,3.266215282029399e-13,0.3638748841880475,1.3884566224307036e-13,0.025122603098060702,1.757177805506876e-13,0.1203773296338103,8.332202220611692e-13,5.749207386734931e-14,0.3057503462608097,0.2431626442700007
7,1.87262125254486,5.47632042469533e-12,0.8717172614246299,3.655413670693304e-12,0.18978753794946662,1.1587728636424913e-12,0.1203773296338103,9.583923795132702e-12,0.9497287577245982,0.15918720381636867,2.412106085115415e-13,8.664585553967925e-13
8,5.805101560634969e-12,1.869109401199255,4.943750788782067e-12,0.7274905070991888,8.752492172719969e-13,0.1986487773640659,8.332202220611692e-13,0.9497287577245982,9.146374906474504e-12,9.005448223715286e-13,0.015541294985465411,0.19257982499100912
9,3.1532866981517185e-12,0.44613226205903905,1.2249933073922021e-13,0.1809552390946929,8.322479212875633e-14,0.19251728702157636,5.749207386734931e-14,0.15918720381636867,9.005448223715286e-13,9.86277863813394e-14,0.060269271361476064,0.08077681860018429
10,0.35443783551555746,2.6065964378055433e-12,0.02233420011577967,4.568121817190931e-13,0.02823660288569525,1.1674873913527716e-13,0.3057503462608097,2.412106085115415e-13,0.015541294985465411,0.060269271361476064,2.463245641294274e-13,4.0451345928449283e-13
11,0.3488840708454719,2.9795906176536294e-12,0.06482510016849828,2.359288918565074e-13,0.1315843408907289,2.303334428583224e-13,0.2431626442700007,8.664585553967925e-13,0.19257982499100912,0.08077681860018429,4.0451345928449283e-13,3.5672925014559524e-17
