category,case,logical_gate_fidelity,logical_process_fidelity,final_leakage,peak_leakage,unitarity_residual,nlev,nlev_lc,sample_count
solver_sampling,repository_default_2_per_ns,0.9866953728220954,0.980043059233143,0.004677562071614337,0.004944783794261689,0.015430581585362702,8,230,44
solver_sampling,tight_2_per_ns,0.9867015409277045,0.9800523113915567,0.004706063832506997,0.004973082563806207,7.914027988498162e-09,8,230,44
solver_sampling,tighter_2_per_ns,0.9867015409267964,0.9800523113901948,0.004706063848635262,0.004973082580592383,8.383904681608101e-11,8,230,44
solver_sampling,tight_4_per_ns,0.9867015409277045,0.9800523113915567,0.004706063832506997,0.00497549794367271,7.914027988498162e-09,8,230,87
solver_sampling,tight_8_per_ns,0.9867015409277045,0.9800523113915567,0.004706063832506997,0.00497549794367271,7.914027988498162e-09,8,230,173
retained_levels,8,0.9867015409277045,0.9800523113915567,0.004706063832506997,0.00497549794367271,7.914027988498162e-09,8,230,173
retained_levels,10,0.9867024180440159,0.9800536270660238,0.004713025755466491,0.004977859563733301,9.863514005559182e-09,10,230,173
retained_levels,12,0.9866982353400197,0.9800473530100297,0.004714481841490987,0.004980091879222706,1.1763445995072175e-08,12,230,173
retained_levels,16,0.9866982391636707,0.9800473587455062,0.004714537099743372,0.0049801122231993705,1.377240199662566e-08,16,230,173
lc_cutoff,230,0.9866982391636707,0.9800473587455062,0.004714537099743372,0.0049801122231993705,1.377240199662566e-08,16,230,173
lc_cutoff,300,0.9866983590603043,0.9800475385904566,0.004714406632726178,0.0049800131272993535,1.3776638718709933e-08,16,300,173
lc_cutoff,460,0.9866983592548738,0.9800475388823108,0.004714406343558756,0.004980012838532066,1.3776660479081215e-08,16,460,173
